Bull,Bull refers to black people with a large penis
ykyk (implies condo),ykyk in this context implies condo sex games
ykyk (implies sexual parts),ykyk in this context implies sexual body parts
gassy,Gassy is a fart roleplay term for people who take part in fart roleplay
fartrp reference,username references fartrp
snowbunny,A snowbunny is a white female wanting to take part in raceplay
blacked,blacked refers to raceplay
bleached,bleached refers to raceplay
futa,A futa is a woman with a penis
studio,Studio refers to condo sex games
toy, toy in this context refers to sex toys
